First name;Last name;Phone number;Email
Kimberly;Boyles;'+823252386;kimberly.boyles@test.com
Linda;Hughes;'+668440472;linda.hughes@test.com
Gary;Reed;'+985743464;gary.reed@test.com
Francis;Robles;'+250798456;francis.robles@test.com
Amanda;Simms;'+626047001;amanda.simms@test.com
Irene;Slater;'+507979124;irene.slater@test.com
Susana;Hodgdon;'+903445889;susana.hodgdon@test.com
Paul;South;'+356263178;paul.south@test.com
Anthony;Haas;'+208481459;anthony.haas@test.com
Rafael;Robey;'+446136683;rafael.robey@test.com
Ramon;Pollock;'+491512349;ramon.pollock@test.com
Bobby;Doiron;'+722156786;bobby.doiron@test.com
Michele;Hutchison;'+176217882;michele.hutchison@test.com
Calvin;Hines;'+303118121;calvin.hines@test.com
Corey;Horne;'+127880309;corey.horne@test.com
Richard;Reed;'+397818099;richard.reed@test.com
Peggy;Alexander;'+564393774;peggy.alexander@test.com
Cindy;Dungy;'+999851111;cindy.dungy@test.com
Sherman;Williams;'+314164543;sherman.williams@test.com
Robert;Wheeler;'+653813236;robert.wheeler@test.com
Mary;Cruz;'+999516338;mary.cruz@test.com
Alberta;Gaskin;'+525602577;alberta.gaskin@test.com
Deborah;Bains;'+681399651;deborah.bains@test.com
Angel;Pree;'+740592789;angel.pree@test.com
Carlos;Martin;'+196592644;carlos.martin@test.com
Dan;Clark;'+743693856;dan.clark@test.com
Gus;Nordahl;'+545703019;gus.nordahl@test.com
Julie;Thorpe;'+345446547;julie.thorpe@test.com
Julie;Evans;'+898393866;julie.evans@test.com
Hiram;Smart;'+708531635;hiram.smart@test.com
William;Hansen;'+803504166;william.hansen@test.com
Manuel;Lopez;'+949652944;manuel.lopez@test.com
Donald;Perez;'+150144238;donald.perez@test.com
Aurora;Poirier;'+695413397;aurora.poirier@test.com
Eric;Gallegos;'+834179913;eric.gallegos@test.com
Francis;Soder;'+952887017;francis.soder@test.com
Michael;Hanson;'+148509175;michael.hanson@test.com
Sadie;Nash;'+465264443;sadie.nash@test.com
Latasha;Ruark;'+493135997;latasha.ruark@test.com
Bernard;Steele;'+752986605;bernard.steele@test.com
Terri;Barks;'+635519049;terri.barks@test.com
Josie;Bryson;'+305555423;josie.bryson@test.com
Katherine;Formica;'+496881618;katherine.formica@test.com
Emma;Pittman;'+411695110;emma.pittman@test.com
Joseph;Fay;'+397689104;joseph.fay@test.com
Gaye;Cardona;'+318150659;gaye.cardona@test.com
Ricky;Rodriguez;'+548093020;ricky.rodriguez@test.com
Justine;Bowen;'+610341332;justine.bowen@test.com
Suzanne;Dobkin;'+494096765;suzanne.dobkin@test.com
Stacy;Jones;'+151807822;stacy.jones@test.com
Tiffany;Thomas;'+456005301;tiffany.thomas@test.com
Daniel;Stuckett;'+691741911;daniel.stuckett@test.com
Terrence;Hatley;'+380056612;terrence.hatley@test.com
Leo;Addison;'+972845559;leo.addison@test.com
Mary;White;'+746317913;mary.white@test.com
Kathy;Anderson;'+634395830;kathy.anderson@test.com
Steven;Shapiro;'+507310265;steven.shapiro@test.com
Robert;Feliciano;'+400759416;robert.feliciano@test.com
Patricia;Wheeler;'+295531059;patricia.wheeler@test.com
Caleb;Hobbs;'+745093337;caleb.hobbs@test.com
Jordan;Stepro;'+264407331;jordan.stepro@test.com
Wendell;Bock;'+767899363;wendell.bock@test.com
Elizabeth;Mcghee;'+691697008;elizabeth.mcghee@test.com
Jennie;Davidson;'+553514238;jennie.davidson@test.com
James;Demmer;'+410429284;james.demmer@test.com
Carol;Bellamy;'+522116854;carol.bellamy@test.com
Jennifer;Faison;'+927696207;jennifer.faison@test.com
Geraldine;Brett;'+697925129;geraldine.brett@test.com
Crystal;Nadeau;'+749397306;crystal.nadeau@test.com
Laura;Liggett;'+871716598;laura.liggett@test.com
Jeff;Cox;'+423784767;jeff.cox@test.com
Elizabeth;Bedell;'+603086147;elizabeth.bedell@test.com
Cherly;Corpus;'+442429961;cherly.corpus@test.com
James;Wilkins;'+160875838;james.wilkins@test.com
Fern;Egan;'+237733505;fern.egan@test.com
Olga;Bowen;'+199586270;olga.bowen@test.com
Daniel;Fenner;'+782365318;daniel.fenner@test.com
George;Creighton;'+298899776;george.creighton@test.com
Linda;Cornish;'+820178245;linda.cornish@test.com
Lillian;Crager;'+492364657;lillian.crager@test.com
Christopher;Blalock;'+411033826;christopher.blalock@test.com
Margaret;Coy;'+208024436;margaret.coy@test.com
Rose;Sargent;'+961400972;rose.sargent@test.com
Jacob;Vandorp;'+781153637;jacob.vandorp@test.com
Bernice;Millsaps;'+274848666;bernice.millsaps@test.com
Maria;Scantling;'+382792390;maria.scantling@test.com
Harold;Michel;'+647640310;harold.michel@test.com
Monica;Mendez;'+143374189;monica.mendez@test.com
Robert;Martinez;'+850327058;robert.martinez@test.com
Carolyn;Robles;'+715232374;carolyn.robles@test.com
Nicholas;Maynard;'+571319242;nicholas.maynard@test.com
Howard;Long;'+739159746;howard.long@test.com
Bruce;Moore;'+490224557;bruce.moore@test.com
Sarah;Spegal;'+720644144;sarah.spegal@test.com
Dorothy;Long;'+864591277;dorothy.long@test.com
Caryn;Larmore;'+705257773;caryn.larmore@test.com
Donald;White;'+748106901;donald.white@test.com
Michael;Cleavenger;'+148642587;michael.cleavenger@test.com
Lynn;Clement;'+965099095;lynn.clement@test.com
Dorothy;Emerson;'+941630752;dorothy.emerson@test.com
First name;Last name;Phone number;Email
Theresa;Reichert;'+159426994;theresa.reichert@test.com
David;Henke;'+502533144;david.henke@test.com
John;Green;'+532171611;john.green@test.com
Tabitha;Norris;'+864432753;tabitha.norris@test.com
Mallory;Kearns;'+632138594;mallory.kearns@test.com
Kristen;Perales;'+465164485;kristen.perales@test.com
Phillip;Waldecker;'+448807625;phillip.waldecker@test.com
Thomas;Sweet;'+501121192;thomas.sweet@test.com
Sidney;Russell;'+991788579;sidney.russell@test.com
Jerry;Cousins;'+306501682;jerry.cousins@test.com
William;Thorn;'+717232599;william.thorn@test.com
Kevin;Sibley;'+469548224;kevin.sibley@test.com
Sheryl;Coffman;'+829276199;sheryl.coffman@test.com
Pedro;Newton;'+316966201;pedro.newton@test.com
Mark;Smith;'+971323578;mark.smith@test.com
John;Hendricks;'+496759498;john.hendricks@test.com
Nicole;Vanover;'+195232981;nicole.vanover@test.com
Grant;Jones;'+185263781;grant.jones@test.com
Dean;Rudd;'+786339283;dean.rudd@test.com
Terri;Raj;'+433595441;terri.raj@test.com
Penny;Powers;'+777054074;penny.powers@test.com
Sally;Bourne;'+978507778;sally.bourne@test.com
Carlos;Killen;'+327237859;carlos.killen@test.com
Erin;Mowatt;'+695743583;erin.mowatt@test.com
Andrew;Demery;'+298434694;andrew.demery@test.com
David;Heuer;'+292107284;david.heuer@test.com
Leslie;Thomson;'+904317740;leslie.thomson@test.com
Janet;Early;'+955954175;janet.early@test.com
Ruth;Allen;'+888069858;ruth.allen@test.com
Dianne;Griffin;'+531084561;dianne.griffin@test.com
Cheryl;Greene;'+641148050;cheryl.greene@test.com
John;Blair;'+242292939;john.blair@test.com
Mary;Thompson;'+589725546;mary.thompson@test.com
Mary;Stuart;'+703310950;mary.stuart@test.com
Kathryn;Zanchez;'+567234025;kathryn.zanchez@test.com
Betty;King;'+260053012;betty.king@test.com
Jeffrey;Smith;'+979589876;jeffrey.smith@test.com
Kirk;Booth;'+407373677;kirk.booth@test.com
Sara;Garcia;'+223569169;sara.garcia@test.com
John;Garcia;'+900258720;john.garcia@test.com
Gordon;Castellanos;'+397274750;gordon.castellanos@test.com
Victor;Dusenbery;'+854995405;victor.dusenbery@test.com
Jewell;Garmany;'+352996568;jewell.garmany@test.com
Gregory;Glasgow;'+687223387;gregory.glasgow@test.com
Jessica;Marsh;'+829885672;jessica.marsh@test.com
Steven;Baldwin;'+578025571;steven.baldwin@test.com
Jennifer;Adams;'+836934340;jennifer.adams@test.com
Marta;Pitonyak;'+593408245;marta.pitonyak@test.com
David;Henson;'+825394362;david.henson@test.com
Lola;Brehaut;'+879564639;lola.brehaut@test.com
Bette;Morris;'+473316056;bette.morris@test.com
Ann;Anderson;'+643874976;ann.anderson@test.com
Katherine;Dunn;'+950241285;katherine.dunn@test.com
Keith;Hardy;'+579695920;keith.hardy@test.com
Jenny;Aguirre;'+170110553;jenny.aguirre@test.com
Tamara;Dupont;'+374398467;tamara.dupont@test.com
Jack;Barsness;'+870862375;jack.barsness@test.com
Lucien;Brown;'+822106692;lucien.brown@test.com
Laverne;Kostura;'+457979840;laverne.kostura@test.com
Kelly;Mcbath;'+694553483;kelly.mcbath@test.com
Ryan;Gaines;'+866098008;ryan.gaines@test.com
Paul;Cavallaro;'+227175191;paul.cavallaro@test.com
Kevin;Nobles;'+835798495;kevin.nobles@test.com
Victor;Lacroix;'+572184999;victor.lacroix@test.com
Rosemary;Woodford;'+760113965;rosemary.woodford@test.com
Vincent;Kelly;'+632300684;vincent.kelly@test.com
Joshua;Niederberger;'+967161992;joshua.niederberger@test.com
Dean;Marshall;'+682076450;dean.marshall@test.com
Erin;Meredith;'+542080727;erin.meredith@test.com
David;Rice;'+472093194;david.rice@test.com
Billie;Devries;'+655055259;billie.devries@test.com
Nellie;Lambert;'+158122246;nellie.lambert@test.com
Valerie;Watkins;'+312458951;valerie.watkins@test.com
David;Craiger;'+212105958;david.craiger@test.com
Edward;Decker;'+878868515;edward.decker@test.com
Jay;Jurasek;'+365906980;jay.jurasek@test.com
Donald;Dicus;'+144077378;donald.dicus@test.com
Shane;Williams;'+185574826;shane.williams@test.com
Linda;Leonard;'+396149004;linda.leonard@test.com
Jose;Chasse;'+486922280;jose.chasse@test.com
Ruth;Anderson;'+945547155;ruth.anderson@test.com
Bradley;Livesay;'+236718165;bradley.livesay@test.com
Luz;Ohlsen;'+719926264;luz.ohlsen@test.com
Lillian;Hayward;'+624472233;lillian.hayward@test.com
Regina;Garrison;'+296568443;regina.garrison@test.com
Margaret;Payne;'+300880305;margaret.payne@test.com
Raymond;Stanton;'+575437087;raymond.stanton@test.com
Rachel;Franca;'+776086337;rachel.franca@test.com
Maria;Charania;'+859885930;maria.charania@test.com
Ronald;Hinton;'+886294038;ronald.hinton@test.com
Jon;Dietz;'+415539120;jon.dietz@test.com
Ralph;Rojas;'+435199766;ralph.rojas@test.com
Deborah;Macquarrie;'+133246577;deborah.macquarrie@test.com
George;Carson;'+694869629;george.carson@test.com
Thomas;Pro;'+635194158;thomas.pro@test.com
Ernest;Williams;'+746293219;ernest.williams@test.com
Kathryn;Schwab;'+626666604;kathryn.schwab@test.com
John;Morrison;'+618064169;john.morrison@test.com
Candace;Arteaga;'+171099817;candace.arteaga@test.com
Kimberly;Rigaud;'+625350500;kimberly.rigaud@test.com
